,Align,Alignerr
dfag-ndi,0.0206796586733,0.0164353403005
dfaf-pdi,0.302787397567,0.0392522482738
dfag-pdi,0.537107752085,0.0422316769025
dfai-pdi,0.268312816001,0.0423433299171
dfav-pdi,0.347991431095,0.0332995936321
daag-pdi,0.584078218431,0.0387929397924
dfaf-ndi,0.0163228510785,0.00675105249662
dfav-ndi,0.0198538957713,0.00591244682819
